CREATE TABLE employee.post(
    id SERIAL,
    name_post VARCHAR(100) NOT NULL,
    description TEXT NOT NULL,
    salary_range VARCHAR(50) NULL,
	CONSTRAINT pk_post PRIMARY KEY(id)
);
CREATE INDEX idx_post_name ON employee.post(name_post); 

CREATE TABLE employee.area(
    id SERIAL,
    name_area VARCHAR(100) NOT NULL,
    location VARCHAR(100) NOT NULL,
    description TEXT NULL,
	CONSTRAINT pk_area PRIMARY KEY(id)
);

CREATE TABLE employee.employee(
    id SERIAL,
    name_employee VARCHAR(150) NOT NULL,
    ci VARCHAR(20) NOT NULL UNIQUE,
    address_employee TEXT NOT NULL,
    date_ingres DATE NOT NULL DEFAULT CURRENT_DATE,
    id_user INTEGER NULL,
    id_contract INTEGER NULL,
	CONSTRAINT pk_employee PRIMARY KEY(id),
    CONSTRAINT fk_usuari_user FOREIGN KEY (id_user) REFERENCES usuari.user(id)
);
CREATE INDEX idx_contract_id_employee ON employee.contract(id_employee); 


INSERT INTO employee.employee (name_employee, ci, address_employee, date_ingres, id_user, id_contract) VALUES
('Juan Pérez', '1234567890', 'Av. Principal 123, Ciudad', '2023-01-10', 1, 1),
('María González', '0987654321', 'Calle Secundaria 456, Ciudad', '2023-01-15', 2, 2),
('Carlos Rodríguez', '1122334455', 'Diagonal 789, Ciudad', '2023-02-01', 3, 3),
('Ana Martínez', '5566778899', 'Circunvalación 321, Ciudad', '2023-02-05', 4, 4),
('Luis Sánchez', '6677889900', 'Boulevard 654, Ciudad', '2023-02-10', 5, 5),
('Laura Díaz', '7788990011', 'Pasaje 987, Ciudad', '2023-02-15', 6, 1),
('Pedro López', '8899001122', 'Avenida Norte 147, Ciudad', '2023-03-01', 7, 2),
('Sofía Ramírez', '9900112233', 'Calle Este 258, Ciudad', '2023-03-05', 8, 3),
('Jorge García', '0011223344', 'Avenida Sur 369, Ciudad', '2023-03-10', 9, 4),
('Diana Fernández', '2233445566', 'Pasaje Oeste 741, Ciudad', '2023-03-15', 10, 5),
('Roberto Morales', '3344556677', 'Alameda 852, Ciudad', '2023-04-01', 11, 1),
('Elena Castro', '4455667788', 'Paseo 963, Ciudad', '2023-04-05', 12, 2),
('Fernando Ortega', '5566778890', 'Camino 159, Ciudad', '2023-04-10', 13, 3),
('Gabriela Silva', '6677889901', 'Vía 357, Ciudad', '2023-04-15', 14, 4),
('Ricardo Rojas', '7788990012', 'Carrera 753, Ciudad', '2023-05-01', 15, 5),
('Patricia Vargas', '8899001123', 'Transversal 951, Ciudad', '2023-05-05', 16, 1),
('José Mendoza', '9900112234', 'Callejón 842, Ciudad', '2023-05-10', 17, 2),
('Lucía Herrera', '0011223345', 'Avenida 931, Ciudad', '2023-05-15', 18, 3),
('Miguel Torres', '1122334456', 'Diagonal 624, Ciudad', '2023-06-01', 19, 4),
('Adriana Núñez', '2233445567', 'Bulevar 513, Ciudad', '2023-06-05', 20, 5),
('Alejandro Jiménez', '3344556678', 'Paseo 426, Ciudad', '2023-06-10', 21, 1),
('Carmen Ruiz', '4455667789', 'Alameda 315, Ciudad', '2023-06-15', 22, 2),
('Francisco Medina', '5566778891', 'Camino 297, Ciudad', '2023-07-01', 23, 3),
('Isabel Guerrero', '6677889902', 'Vía 186, Ciudad', '2023-07-05', 24, 4),
('Raúl Cortés', '7788990013', 'Carrera 579, Ciudad', '2023-07-10', 25, 5),
('Verónica Paredes', '8899001124', 'Transversal 468, Ciudad', '2023-07-15', 26, 1),
('Daniel Ríos', '9900112235', 'Callejón 357, Ciudad', '2023-08-01', 27, 2),
('Marina Vega', '0011223346', 'Avenida 246, Ciudad', '2023-08-05', 28, 3),
('Arturo Campos', '1122334457', 'Diagonal 135, Ciudad', '2023-08-10', 29, 4),
('Rosa Salazar', '2233445568', 'Bulevar 924, Ciudad', '2023-08-15', 30, 5),
('Sergio Miranda', '3344556679', 'Paseo 813, Ciudad', '2023-09-01', 31, 1),
('Beatriz Cordero', '4455667780', 'Alameda 702, Ciudad', '2023-09-05', 32, 2),
('Javier Valdez', '5566778892', 'Camino 591, Ciudad', '2023-09-10', 33, 3),
('Natalia Franco', '6677889903', 'Vía 480, Ciudad', '2023-09-15', 34, 4),
('Héctor Méndez', '7788990014', 'Carrera 369, Ciudad', '2023-10-01', 35, 5),
('Olivia Rangel', '8899001125', 'Transversal 258, Ciudad', '2023-10-05', 36, 1),
('Eduardo Santana', '9900112236', 'Callejón 147, Ciudad', '2023-10-10', 37, 2),
('Ximena Delgado', '0011223347', 'Avenida 936, Ciudad', '2023-10-15', 38, 3),
('René Cervantes', '1122334458', 'Diagonal 825, Ciudad', '2023-11-01', 39, 4),
('Dora Espinoza', '2233445569', 'Bulevar 714, Ciudad', '2023-11-05', 40, 5),
('Felipe Rosales', '3344556670', 'Paseo 603, Ciudad', '2023-11-10', 41, 1),
('Silvia Tapia', '4455667781', 'Alameda 492, Ciudad', '2023-11-15', 42, 2),
('Roberto Lozano', '5566778893', 'Camino 381, Ciudad', '2023-12-01', 43, 3),
('Laura Orozco', '6677889904', 'Vía 270, Ciudad', '2023-12-05', 44, 4),
('Gerardo Peña', '7788990015', 'Carrera 159, Ciudad', '2023-12-10', 45, 5),
('Claudia Zúñiga', '8899001126', 'Transversal 948, Ciudad', '2023-12-15', 46, 1),
('Salvador Galván', '9900112237', 'Callejón 837, Ciudad', '2024-01-01', 47, 2),
('Paulina Quiroz', '0011223348', 'Avenida 726, Ciudad', '2024-01-05', 48, 3),
('Alberto Villegas', '1122334459', 'Diagonal 615, Ciudad', '2024-01-10', 49, 4),
('Daniela Peralta', '2233445570', 'Bulevar 504, Ciudad', '2024-01-15', 50, 5);

CREATE TABLE employee.contract(
    id SERIAL,
    date_contract DATE NOT NULL DEFAULT CURRENT_DATE,
    type_contrac VARCHAR(50) NOT NULL,
    duration VARCHAR(50) NOT NULL,
    id_post INTEGER NOT NULL,
    id_employee INTEGER NOT NULL,
	CONSTRAINT pk_contract PRIMARY KEY(id),
    CONSTRAINT fk_employee_post FOREIGN KEY (id_post) REFERENCES employee.post(id),
	
);
 CREATE INDEX idx_contract_id_post ON employee.contract(id_post);

INSERT INTO employee.contract (date_contract, type_contrac, duration, id_post, id_employee) VALUES
('2023-01-10', 'Tiempo Completo', '1 año', 1, 1),
('2023-01-15', 'Tiempo Completo', '1 año', 2, 2),
('2023-02-01', 'Tiempo Completo', '1 año', 3, 3),
('2023-02-05', 'Medio Tiempo', '6 meses', 4, 4),
('2023-02-10', 'Tiempo Completo', '2 años', 5, 5),
('2023-02-15', 'Tiempo Completo', '1 año', 6, 6),
('2023-03-01', 'Por Proyecto', '3 meses', 7, 7),
('2023-03-05', 'Tiempo Completo', '1 año', 8, 8),
('2023-03-10', 'Medio Tiempo', '1 año', 9, 9),
('2023-03-15', 'Tiempo Completo', '2 años', 10, 10),
('2023-04-01', 'Tiempo Completo', '1 año', 11, 11),
('2023-04-05', 'Por Proyecto', '6 meses', 12, 12),
('2023-04-10', 'Tiempo Completo', '1 año', 13, 13),
('2023-04-15', 'Medio Tiempo', '1 año', 14, 14),
('2023-05-01', 'Tiempo Completo', '2 años', 15, 15),
('2023-05-05', 'Tiempo Completo', '1 año', 16, 16),
('2023-05-10', 'Por Proyecto', '3 meses', 17, 17),
('2023-05-15', 'Tiempo Completo', '1 año', 18, 18),
('2023-06-01', 'Medio Tiempo', '6 meses', 19, 19),
('2023-06-05', 'Tiempo Completo', '2 años', 20, 20),
('2023-06-10', 'Tiempo Completo', '1 año', 21, 21),
('2023-06-15', 'Por Proyecto', '6 meses', 22, 22),
('2023-07-01', 'Tiempo Completo', '1 año', 23, 23),
('2023-07-05', 'Medio Tiempo', '1 año', 24, 24),
('2023-07-10', 'Tiempo Completo', '2 años', 25, 25),
('2023-07-15', 'Tiempo Completo', '1 año', 26, 26),
('2023-08-01', 'Por Proyecto', '3 meses', 27, 27),
('2023-08-05', 'Tiempo Completo', '1 año', 28, 28),
('2023-08-10', 'Medio Tiempo', '6 meses', 29, 29),
('2023-08-15', 'Tiempo Completo', '2 años', 30, 30),
('2023-09-01', 'Tiempo Completo', '1 año', 31, 31),
('2023-09-05', 'Por Proyecto', '6 meses', 32, 32),
('2023-09-10', 'Tiempo Completo', '1 año', 33, 33),
('2023-09-15', 'Medio Tiempo', '1 año', 34, 34),
('2023-10-01', 'Tiempo Completo', '2 años', 35, 35),
('2023-10-05', 'Tiempo Completo', '1 año', 36, 36),
('2023-10-10', 'Por Proyecto', '3 meses', 37, 37),
('2023-10-15', 'Tiempo Completo', '1 año', 38, 38),
('2023-11-01', 'Medio Tiempo', '6 meses', 39, 39),
('2023-11-05', 'Tiempo Completo', '2 años', 40, 40),
('2023-11-10', 'Tiempo Completo', '1 año', 41, 41),
('2023-11-15', 'Por Proyecto', '6 meses', 42, 42),
('2023-12-01', 'Tiempo Completo', '1 año', 43, 43),
('2023-12-05', 'Medio Tiempo', '1 año', 44, 44),
('2023-12-10', 'Tiempo Completo', '2 años', 45, 45),
('2023-12-15', 'Tiempo Completo', '1 año', 46, 46),
('2024-01-01', 'Por Proyecto', '3 meses', 47, 47),
('2024-01-05', 'Tiempo Completo', '1 año', 48, 48),
('2024-01-10', 'Medio Tiempo', '6 meses', 49, 49),
('2024-01-15', 'Tiempo Completo', '2 años', 50, 50),
('2024-02-01', 'Tiempo Completo', '1 año', 1, 50),
('2024-02-05', 'Por Proyecto', '6 meses', 2, 49),
('2024-02-10', 'Tiempo Completo', '1 año', 3, 38),
('2024-02-15', 'Medio Tiempo', '1 año', 4, 50),
('2024-03-01', 'Tiempo Completo', '2 años', 5, 50);


CREATE TABLE employee.assign_area(
    id SERIAL PRIMARY KEY,
    id_employee INTEGER NOT NULL,
    id_area INTEGER NOT NULL,
    state_assing_area VARCHAR(50) NULL,
    CONSTRAINT fk_employee_employee FOREIGN KEY (id_employee) REFERENCES employee.employee(id),
    CONSTRAINT fk_employee_area FOREIGN KEY (id_area) REFERENCES employee.area(id)
);

INSERT INTO employee.assign_area (id_employee, id_area, state_assing_area) VALUES
-- Asignaciones iniciales (registros 1-20)
(1, 1, 'Activo'),
(2, 2, 'Activo'),
(3, 3, 'Activo'),
(4, 4, 'Activo'),
(5, 1, 'Activo'),
(6, 2, 'Activo'),
(7, 3, 'Activo'),
(8, 4, 'Activo'),
(9, 1, 'Activo'),
(10, 2, 'Activo'),
(11, 3, 'Activo'),
(12, 4, 'Activo'),
(13, 1, 'Activo'),
(14, 2, 'Activo'),
(15, 3, 'Activo'),
(16, 4, 'Activo'),
(17, 1, 'Activo'),
(18, 2, 'Activo'),
(19, 3, 'Activo'),
(20, 4, 'Activo'),

-- Rotaciones y cambios de área (registros 21-40)
(1, 2, 'Reasignado'),
(2, 3, 'Reasignado'),
(3, 4, 'Reasignado'),
(4, 1, 'Reasignado'),
(5, 2, 'Reasignado'),
(6, 3, 'Reasignado'),
(7, 4, 'Reasignado'),
(8, 1, 'Reasignado'),
(9, 2, 'Reasignado'),
(10, 3, 'Reasignado'),
(11, 4, 'Reasignado'),
(12, 1, 'Reasignado'),
(13, 2, 'Reasignado'),
(14, 3, 'Reasignado'),
(15, 4, 'Reasignado'),
(16, 1, 'Reasignado'),
(17, 2, 'Reasignado'),
(18, 3, 'Reasignado'),
(19, 4, 'Reasignado'),
(20, 1, 'Reasignado'),

-- Asignaciones temporales y estados especiales (registros 41-60)
(21, 1, 'Temporal'),
(22, 2, 'Temporal'),
(23, 3, 'Temporal'),
(24, 4, 'Temporal'),
(25, 1, 'Temporal'),
(26, 2, 'Temporal'),
(27, 3, 'Temporal'),
(28, 4, 'Temporal'),
(29, 1, 'Temporal'),
(30, 2, 'Temporal'),
(1, 3, 'Sobrecarga'),
(2, 4, 'Sobrecarga'),
(3, 1, 'Sobrecarga'),
(4, 2, 'Sobrecarga'),
(5, 3, 'Sobrecarga'),
(6, 4, 'Sobrecarga'),
(7, 1, 'Sobrecarga'),
(8, 2, 'Sobrecarga'),
(9, 3, 'Sobrecarga'),
(10, 4, 'Sobrecarga'),
(11, 1, 'Capacitación'),
(12, 2, 'Capacitación'),
(13, 3, 'Capacitación'),
(14, 4, 'Capacitación'),
(15, 1, 'Capacitación'),
(16, 2, 'Capacitación'),
(17, 3, 'Capacitación'),
(18, 4, 'Capacitación'),
(19, 1, 'Capacitación'),
(20, 2, 'Capacitación');

INSERT INTO employee.post (name_post, description, salary_range) VALUES
('Gerente General', 'Responsable de la dirección estratégica de la empresa', '$5,000 - $7,000'),
('Gerente de Ventas', 'Encargado del equipo comercial y estrategias de venta', '$4,000 - $5,500'),
('Gerente de Operaciones', 'Supervisa los procesos productivos y logísticos', '$4,200 - $5,800'),
('Jefe de Departamento', 'Coordina las actividades de un área específica', '$3,500 - $4,800'),
('Supervisor', 'Supervisa equipos de trabajo operativos', '$2,800 - $3,500'),
('Analista Senior', 'Realiza análisis complejos y propone mejoras', '$3,000 - $4,000'),
('Analista Junior', 'Apoya en análisis y reportes operativos', '$2,000 - $2,800'),
('Asistente Administrativo', 'Brinda apoyo en labores administrativas', '$1,500 - $2,200'),
('Representante de Ventas', 'Ejecuta estrategias comerciales con clientes', '$1,800 - $2,500'),
('Especialista Técnico', 'Resuelve problemas técnicos complejos', '$3,200 - $4,200'),
('Operador de Producción', 'Realiza labores en línea de producción', '$1,200 - $1,800'),
('Asistente de Logística', 'Apoya en gestión de inventarios y despachos', '$1,500 - $2,000'),
('Contador', 'Maneja los registros y reportes financieros', '$2,500 - $3,500'),
('Recursos Humanos', 'Gestiona procesos de personal y nómina', '$2,800 - $3,800'),
('Desarrollador Senior', 'Lidera proyectos de desarrollo de software', '$4,000 - $5,500'),
('Desarrollador Junior', 'Participa en proyectos de desarrollo', '$2,500 - $3,500'),
('Diseñador Gráfico', 'Crea material visual y de comunicación', '$2,200 - $3,200'),
('Community Manager', 'Gestiona redes sociales y comunicación digital', '$1,800 - $2,500'),
('Ejecutivo de Cuentas', 'Maneja relaciones con clientes clave', '$2,500 - $3,500'),
('Auditor Interno', 'Realiza evaluaciones de procesos internos', '$3,500 - $4,500'),
('Director de Marketing', 'Lidera estrategias de posicionamiento de marca', '$5,500 - $7,500'),
('Coordinador de Proyectos', 'Gestiona y supervisa proyectos corporativos', '$3,800 - $5,000'),
('Ingeniero de Sistemas', 'Administra la infraestructura tecnológica', '$3,600 - $4,800'),
('Arquitecto de Software', 'Diseña estructuras de sistemas complejos', '$4,500 - $6,000'),
('Especialista en Datos', 'Gestiona y analiza big data corporativo', '$3,900 - $5,200'),
('Jefe de Almacén', 'Supervisa operaciones de inventario y logística', '$3,000 - $4,000'),
('Técnico de Mantenimiento', 'Realiza reparaciones en equipos e instalaciones', '$2,300 - $3,000'),
('Asesor Financiero', 'Brinda orientación sobre inversiones y finanzas', '$3,200 - $4,300'),
('Jefe de Compras', 'Gestiona adquisiciones y proveedores', '$3,400 - $4,500'),
('Diseñador UX/UI', 'Crea interfaces y experiencias de usuario', '$3,500 - $4,700'),
('Copywriter', 'Desarrolla contenidos y estrategias de comunicación', '$2,800 - $3,800'),
('Traductor', 'Realiza traducciones técnicas y comerciales', '$2,500 - $3,500'),
('Investigador de Mercado', 'Analiza tendencias y comportamiento del consumidor', '$3,100 - $4,200'),
('Planificador Estratégico', 'Desarrolla planes de negocio a largo plazo', '$4,200 - $5,600'),
('Especialista en SEO', 'Optimiza contenidos para motores de búsqueda', '$3,000 - $4,200'),
('Product Manager', 'Gestiona el ciclo de vida de productos', '$4,000 - $5,500'),
('Jefe de Seguridad', 'Supervisa protocolos de seguridad física', '$3,200 - $4,200'),
('Biólogo Investigador', 'Conduce estudios y análisis científicos', '$3,500 - $4,800'),
('Químico de Control de Calidad', 'Asegura estándares en procesos químicos', '$3,000 - $4,000'),
('Ingeniero Industrial', 'Optimiza procesos de producción', '$3,800 - $5,000'),
('Técnico de Laboratorio', 'Realiza pruebas y análisis de muestras', '$2,200 - $3,000'),
('Asistente Legal', 'Apoya en documentación y procesos jurídicos', '$2,500 - $3,300'),
('Relacionista Público', 'Gestiona la imagen corporativa', '$3,000 - $4,100'),
('Coach Ejecutivo', 'Brinda capacitación y desarrollo profesional', '$3,500 - $4,800'),
('Terapeuta Ocupacional', 'Implementa programas de bienestar laboral', '$2,800 - $3,700'),
('Enfermero Laboral', 'Provee atención médica básica en empresa', '$2,500 - $3,400'),
('Chef Corporativo', 'Gestiona el servicio de alimentación', '$3,000 - $4,000'),
('Conductor Ejecutivo', 'Brinda transporte a personal directivo', '$2,000 - $2,800'),
('Recepcionista', 'Atiende visitas y gestiona comunicaciones', '$1,800 - $2,400'),
('Asistente Ejecutivo', 'Apoyo directo a alta dirección', '$3,200 - $4,200'),
('Bibliotecario Corporativo', 'Gestiona recursos de información', '$2,500 - $3,300'),
('Intérprete', 'Facilita comunicación en múltiples idiomas', '$3,000 - $4,000'),
('Fotógrafo Corporativo', 'Documenta eventos y material promocional', '$2,800 - $3,800'),
('Diseñador Industrial', 'Crea productos y soluciones físicas', '$3,500 - $4,700'),
('Ingeniero Ambiental', 'Gestiona programas de sostenibilidad', '$3,800 - $5,000'),
('Especialista en Seguridad Informática', 'Protege sistemas y datos corporativos', '$4,500 - $6,000'),
('Jefe de Innovación', 'Lidera proyectos de transformación digital', '$5,000 - $6,800'),
('Chief Technology Officer', 'Dirige la estrategia tecnológica', '$7,000 - $9,500'),
('Chief Financial Officer', 'Gestiona las finanzas corporativas', '$7,500 - $10,000'),
('Director de Recursos Humanos', 'Lidera la gestión del capital humano', '$6,000 - $8,000'),
('Director Comercial', 'Encabeza las estrategias de ventas', '$6,500 - $8,500');

INSERT INTO employee.area (name_area, location, description) VALUES
('Dirección General', 'Torre Ejecutiva Piso 20', 'Oficinas de alta dirección'),
('Finanzas Corporativas', 'Torre Ejecutiva Piso 18', 'Gestión financiera estratégica'),
('Operaciones Nacionales', 'Edificio B Piso 5', 'Coordinación operativa nacional'),
('Ventas Internacionales', 'Torre Ejecutiva Piso 15', 'Expansión mercados globales'),
('Tecnología e Innovación', 'Edificio C Piso 10', 'Desarrollo tecnológico'),
('Recursos Humanos', 'Edificio A Piso 3', 'Gestión del talento humano'),
('Marketing Estratégico', 'Edificio D Piso 7', 'Posicionamiento de marca'),
('Logística Integral', 'Zona de Almacenes', 'Cadena de suministro'),
('Control de Calidad', 'Planta de Producción', 'Aseguramiento estándares'),
('Servicio al Cliente', 'Edificio Central PB', 'Atención postventa'),
('Compras Corporativas', 'Edificio B Piso 2', 'Adquisiciones estratégicas'),
('Legal Corporativo', 'Torre Ejecutiva Piso 16', 'Asesoría jurídica'),
('Auditoría Interna', 'Edificio A Piso 4', 'Control de procesos'),
('Desarrollo Organizacional', 'Edificio A Piso 3', 'Cultura corporativa'),
('Comunicación Institucional', 'Edificio D Piso 6', 'Relaciones públicas'),
('Inteligencia de Negocios', 'Edificio C Piso 9', 'Análisis de datos'),
('Sistemas de Información', 'Edificio C Piso 8', 'Infraestructura TI'),
('Seguridad Informática', 'Edificio C Piso 7', 'Protección de datos'),
('Innovación y Desarrollo', 'Edificio I+D', 'Investigación aplicada'),
('Sostenibilidad', 'Edificio E Piso 1', 'Gestión ambiental'),
('Administración Central', 'Edificio A Piso 2', 'Gestión administrativa'),
('Contabilidad General', 'Edificio A Piso 1', 'Registros contables'),
('Tesorería', 'Edificio A Piso 1', 'Gestión de flujo'),
('Crédito y Cobranza', 'Edificio B Piso 1', 'Administración de cartera'),
('Planeación Estratégica', 'Torre Ejecutiva Piso 17', 'Desarrollo corporativo'),
('Mercadeo Digital', 'Edificio D Piso 5', 'Estrategias online'),
('Trade Marketing', 'Edificio D Piso 4', 'Marketing en punto de venta'),
('Investigación de Mercados', 'Edificio D Piso 3', 'Estudios comerciales'),
('Diseño Corporativo', 'Edificio D Piso 2', 'Identidad visual'),
('Producción Norte', 'Planta Industrial Norte', 'Manufactura zona norte'),
('Producción Sur', 'Planta Industrial Sur', 'Manufactura zona sur'),
('Producción Este', 'Planta Industrial Este', 'Manufactura zona este'),
('Mantenimiento Industrial', 'Zona Técnica', 'Mantenimiento de equipos'),
('Cadena de Suministro', 'Centro Logístico', 'Distribución nacional'),
('Almacén Central', 'Bodega Principal', 'Inventario corporativo'),
('Transporte Corporativo', 'Patio de Flotas', 'Gestión de flota'),
('Exportaciones', 'Zona de Aduanas', 'Comercio internacional'),
('Importaciones', 'Zona de Aduanas', 'Gestión de compras externas'),
('Servicios Técnicos', 'Edificio Técnico', 'Soporte especializado'),
('Capacitación', 'Centro de Entrenamiento', 'Desarrollo de habilidades'),
('Bienestar Laboral', 'Edificio Anexo', 'Calidad de vida laboral'),
('Seguridad Industrial', 'Planta Industrial', 'Protección operativa'),
('Salud Ocupacional', 'Clínica Empresarial', 'Atención médica laboral'),
('Relaciones Laborales', 'Edificio A Piso 3', 'Gestión sindical'),
('Reclutamiento', 'Edificio A Piso 2', 'Selección de personal'),
('Compensaciones', 'Edificio A Piso 2', 'Administración salarial'),
('Desarrollo de Producto', 'Edificio I+D Piso 2', 'Creación de nuevos productos'),
('Control de Proyectos', 'Edificio I+D Piso 1', 'Gestión de iniciativas'),
('Diseño Industrial', 'Taller de Prototipos', 'Desarrollo de modelos'),
('Laboratorio de Calidad', 'Planta de Producción', 'Pruebas de producto'),
('Servicios Generales', 'Edificio Servicios', 'Mantenimiento instalaciones'),
('Cafetería', 'Edificio Central', 'Servicio de alimentación'),
('Seguridad Física', 'Puestos de Vigilancia', 'Protección de instalaciones'),
('Estacionamiento', 'Zona de Parqueo', 'Gestión vehicular'),
('Biblioteca Corporativa', 'Edificio Cultural', 'Recursos de información'),
('Centro de Convenciones', 'Edificio Eventos', 'Espacios para reuniones'),
('Oficina Regional Norte', 'Sucursal Norte', 'Administración regional'),
('Oficina Regional Sur', 'Sucursal Sur', 'Administración regional'),
('Oficina Regional Este', 'Sucursal Este', 'Administración regional'),
('Oficina Regional Oeste', 'Sucursal Oeste', 'Administración regional');